{
  "defaults": {
    "baseBranch": "master",
    "source": {
      "owner": "smartresponsor",
      "repo": "automating",
      "branch": "master",
      "assetZip": "automate-kit.zip",
      "assetSha": "automate-kit.sha256",
      "topFolder": ""
    },
    "apply": {
      "targetRoot": "."
    }
  },
  "packs": [
    {
      "id": "automate-kit",
      "source": {
        "owner": "smartresponsor",
        "repo": "automating",
        "branch": "master"
      },
      "apply": {
        "targetRoot": "."
      }
    }
  ]
}
